Shape,Price,Carat,Cut,Color,Clarity,Delivery Date
Round,$310,0.30,Very Good,K,VS1,Jan 6
Round,$333,0.30,Very Good,K,VVS1,Jan 6
Round,$334,0.30,Very Good,K,VVS2,Jan 6
Round,$334,0.30,Very Good,K,VVS2,Jan 6
Round,$334,0.30,Very Good,K,VVS2,Jan 6
Round,$340,0.30,Very Good,K,VVS2,Jan 6
Round,$340,0.30,Very Good,K,VVS2,Jan 6
Round,$346,0.30,Very Good,I,SI1,Jan 6
Round,$351,0.30,Very Good,K,VVS1,Jan 6
Round,$358,0.30,Very Good,K,VVS1,Jan 6
Round,$360,0.32,Very Good,K,IF,Jan 6
Round,$362,0.30,Very Good,J,VVS2,Jan 6
Round,$370,0.30,Very Good,J,VVS1,Jan 6
Round,$370,0.30,Very Good,J,VS1,Jan 6
Round,$370,0.30,Very Good,J,VS1,Jan 6
Round,$370,0.30,Very Good,J,VS1,Jan 6
Round,$375,0.30,Very Good,J,VVS2,Jan 6
Round,$375,0.30,Very Good,J,VVS2,Jan 6
Round,$375,0.31,Very Good,K,VS2,Jan 6
Round,$377,0.30,Very Good,J,VS1,Jan 6
Round,$378,0.31,Very Good,K,VVS2,Jan 6
Round,$382,0.30,Very Good,J,VVS2,Jan 6
Round,$391,0.30,Very Good,J,VVS1,Jan 6
Round,$391,0.30,Very Good,J,VVS1,Jan 6
Round,$391,0.30,Very Good,K,VVS1,Jan 6
Round,$398,0.30,Very Good,F,SI1,Jan 6
Round,$399,0.30,Very Good,I,VVS2,Jan 6
Round,$399,0.30,Very Good,I,VVS2,Jan 6
Round,$399,0.30,Very Good,I,VVS2,Jan 6
Round,$400,0.30,Very Good,F,SI1,Jan 6
Round,$400,0.30,Very Good,G,SI2,Jan 6
Round,$403,0.31,Very Good,K,VVS2,Jan 5
Round,$408,0.30,Very Good,G,SI1,Jan 6
Round,$408,0.29,Very Good,F,SI1,Jan 6
Round,$410,0.30,Very Good,D,SI1,Jan 6
Round,$417,0.31,Very Good,K,VVS1,Jan 6
Round,$417,0.23,Very Good,H,SI1,Jan 5
Round,$420,0.29,Very Good,J,SI1,Jan 5
Round,$420,0.32,Very Good,I,VVS2,Jan 6
Round,$420,0.30,Very Good,F,SI2,Jan 6
Round,$422,0.30,Very Good,I,VVS2,Jan 6
Round,$422,0.30,Very Good,I,VVS2,Jan 6
Round,$422,0.30,Very Good,I,VVS2,Jan 6
Round,$422,0.30,Very Good,I,VVS2,Jan 6
Round,$422,0.30,Very Good,I,SI1,Jan 5
Round,$422,0.30,Very Good,I,SI1,Jan 5
Round,$422,0.30,Very Good,I,SI1,Jan 5
Round,$424,0.30,Very Good,J,VVS2,Jan 6
Round,$424,0.30,Very Good,J,VVS2,Jan 6
Round,$425,0.31,Very Good,J,VVS2,Jan 6
Round,$427,0.33,Very Good,J,VS2,Jan 6
Round,$428,0.30,Very Good,I,SI1,Jan 5
Round,$429,0.30,Very Good,I,VVS1,Jan 6
Round,$430,0.33,Very Good,E,SI2,Jan 6
Round,$430,0.30,Very Good,F,VS2,Jan 6
Round,$431,0.30,Very Good,J,VVS2,Jan 6
Round,$434,0.34,Very Good,K,VVS2,Jan 6
Round,$436,0.31,Very Good,J,VS2,Jan 5
Round,$438,0.31,Very Good,J,VVS2,Jan 6
Round,$440,0.30,Very Good,F,VS1,Jan 6
Round,$440,0.33,Very Good,F,SI1,Jan 6
Round,$441,0.30,Very Good,H,SI2,Jan 5
Round,$442,0.24,Very Good,H,VVS1,Jan 5
Round,$445,0.30,Very Good,I,VVS1,Jan 6
Round,$445,0.30,Very Good,I,VVS1,Jan 6
Round,$450,0.30,Very Good,E,SI1,Jan 6
Round,$452,0.30,Very Good,K,VS1,Jan 5
Round,$457,0.30,Very Good,D,VS2,Jan 6
Round,$458,0.30,Very Good,J,VVS1,Jan 6
Round,$459,0.32,Very Good,J,VVS2,Jan 6
Round,$459,0.30,Very Good,E,SI1,Jan 6
Round,$460,0.30,Very Good,F,VS2,Jan 6
Round,$466,0.32,Very Good,J,VVS1,Jan 6
Round,$467,0.39,Very Good,J,SI2,Jan 5
Round,$468,0.40,Very Good,J,VS2,Jan 6
Round,$472,0.41,Very Good,K,SI1,Jan 6
Round,$478,0.31,Very Good,I,VVS2,Jan 6
Round,$478,0.31,Very Good,I,VVS2,Jan 6
Round,$479,0.35,Very Good,J,VVS2,Jan 6
Round,$480,0.32,Very Good,G,VS2,Jan 6
Round,$490,0.31,Very Good,F,VS1,Jan 6
Round,$490,0.30,Very Good,E,VS2,Jan 6
Round,$490,0.30,Very Good,F,VS2,Jan 6
Round,$490,0.33,Very Good,F,SI1,Jan 6
Round,$490,0.30,Very Good,E,SI1,Jan 6
Round,$492,0.30,Very Good,E,SI2,Jan 5
Round,$502,0.24,Very Good,G,VVS2,Jan 5
Round,$510,0.40,Very Good,K,VS2,Jan 6
Round,$510,0.30,Very Good,E,VS1,Jan 6
Round,$510,0.32,Very Good,F,VS2,Jan 6
Round,$515,0.30,Very Good,E,VS2,Jan 5
Round,$517,0.31,Very Good,F,VS2,Jan 5
Round,$520,0.30,Very Good,I,VVS2,Jan 6
Round,$520,0.30,Very Good,E,VVS2,Jan 6
Round,$521,0.23,Very Good,E,VS2,Jan 5
Round,$523,0.41,Very Good,K,VS2,Jan 6
Round,$526,0.35,Very Good,J,VVS1,Jan 6
Round,$529,0.30,Very Good,F,VVS2,Jan 6
Round,$529,0.30,Very Good,E,VS1,Jan 5
Round,$531,0.35,Very Good,F,SI2,Jan 6
Round,$531,0.40,Very Good,K,VVS2,Jan 6
Round,$531,0.40,Very Good,K,VVS2,Jan 6
Round,$537,0.36,Very Good,J,IF,Jan 6
Round,$541,0.40,Very Good,G,SI2,Dec 30
Round,$541,0.40,Very Good,G,SI2,Dec 30
Round,$544,0.30,Very Good,J,VVS1,Jan 5
Round,$544,0.23,Very Good,H,VS1,Jan 5
Round,$544,0.34,Very Good,I,SI1,Jan 5
Round,$544,0.30,Very Good,G,IF,Jan 6
Round,$548,0.29,Very Good,D,SI1,Jan 5
Round,$550,0.30,Very Good,F,VVS1,Jan 6
Round,$553,0.31,Very Good,E,VS2,Jan 5
Round,$555,0.41,Very Good,G,SI2,Dec 30
Round,$556,0.28,Very Good,G,SI1,Dec 30
Round,$557,0.30,Very Good,G,VVS1,Jan 6
Round,$557,0.41,Very Good,K,VS1,Jan 6
Round,$557,0.30,Very Good,G,VVS1,Jan 6
Round,$558,0.42,Very Good,K,VVS2,Jan 6
Round,$560,0.30,Very Good,H,VS1,Jan 6
Round,$560,0.31,Very Good,E,VS1,Jan 6
Round,$562,0.40,Very Good,I,SI1,Jan 6
Round,$563,0.36,Very Good,H,SI1,Dec 30
Round,$566,0.32,Very Good,I,IF,Jan 6
Round,$568,0.32,Very Good,I,VS2,Jan 5
Round,$570,0.30,Very Good,F,VVS2,Jan 6
Round,$570,0.31,Very Good,F,VVS1,Jan 6
Round,$570,0.30,Very Good,F,VVS2,Jan 6
Round,$571,0.40,Very Good,F,SI2,Dec 30
Round,$571,0.40,Very Good,F,SI2,Dec 30
Round,$574,0.30,Very Good,K,VS2,Jan 6
Round,$577,0.30,Very Good,I,SI2,Jan 5
Round,$578,0.40,Very Good,H,SI1,Dec 30
Round,$578,0.40,Very Good,K,VVS2,Jan 6
Round,$579,0.33,Very Good,J,VS2,Jan 5
Round,$580,0.30,Very Good,F,IF,Jan 6
Round,$580,0.31,Very Good,E,VS1,Jan 6
Round,$580,0.30,Very Good,G,VVS2,Jan 6
Round,$585,0.24,Very Good,F,VS1,Dec 30
Round,$585,0.30,Very Good,E,SI1,Dec 30
Round,$585,0.40,Very Good,J,VVS1,Jan 6
Round,$586,0.23,Very Good,E,IF,Jan 5
Round,$588,0.30,Very Good,D,SI1,Jan 5
Round,$588,0.34,Very Good,D,SI2,Jan 5
Round,$590,0.30,Very Good,G,VVS1,Jan 6
Round,$592,0.41,Very Good,K,VVS2,Jan 6
Round,$592,0.40,Very Good,F,SI2,Dec 30
Round,$593,0.38,Very Good,I,SI1,Jan 5
Round,$598,0.26,Very Good,J,VVS1,Jan 6
Round,$598,0.30,Very Good,F,VVS1,Jan 6
Round,$600,0.41,Very Good,K,VS2,Jan 5
Round,$601,0.40,Very Good,E,SI2,Dec 30
Round,$602,0.40,Very Good,K,VVS1,Jan 6
Round,$602,0.40,Very Good,K,VVS1,Jan 6
Round,$606,0.30,Very Good,J,VS2,Jan 6
Round,$606,0.30,Very Good,J,VS2,Jan 6
Round,$606,0.34,Very Good,E,SI2,Jan 5
Round,$610,0.40,Very Good,K,SI1,Jan 5
Round,$610,0.30,Very Good,E,VS1,Jan 6
Round,$612,0.40,Very Good,E,SI2,Dec 30
Round,$614,0.26,Very Good,H,VVS2,Jan 5
Round,$615,0.34,Very Good,E,VS2,Dec 30
Round,$616,0.26,Very Good,F,IF,Jan 5
Round,$620,0.26,Very Good,D,VS1,Jan 6
Round,$620,0.30,Very Good,F,VVS1,Jan 6
Round,$625,0.30,Very Good,G,VVS2,Jan 5
Round,$626,0.31,Very Good,K,VVS2,Jan 6
Round,$628,0.32,Very Good,E,VS2,Jan 6
Round,$631,0.32,Very Good,D,VS2,Jan 6
Round,$631,0.36,Very Good,I,VVS2,Jan 5
Round,$640,0.42,Very Good,F,SI1,Jan 6
Round,$641,0.40,Very Good,J,VS1,Jan 6
Round,$643,0.30,Very Good,G,VVS2,Jan 5
Round,$647,0.23,Very Good,E,VVS2,Jan 6
Round,$647,0.31,Very Good,G,IF,Jan 6
Round,$647,0.31,Very Good,E,VVS2,Jan 6
Round,$647,0.30,Very Good,H,VS1,Jan 5
Round,$648,0.40,Very Good,F,SI1,Dec 30
Round,$650,0.31,Very Good,F,VVS1,Jan 6
Round,$652,0.25,Very Good,F,VS1,Dec 30
Round,$653,0.40,Very Good,K,VVS2,Jan 5
Round,$656,0.40,Very Good,G,SI2,Dec 30
Round,$656,0.40,Very Good,J,VVS2,Jan 6
Round,$657,0.30,Very Good,E,SI2,Jan 6
Round,$660,0.40,Very Good,F,SI1,Dec 30
Round,$660,0.40,Very Good,F,SI1,Dec 30
Round,$660,0.40,Very Good,F,SI1,Dec 30
Round,$664,0.40,Very Good,K,VVS1,Jan 5
Round,$664,0.50,Very Good,K,SI1,Jan 6
Round,$670,0.33,Very Good,D,VS2,Jan 6
Round,$670,0.32,Very Good,F,VVS1,Jan 6
Round,$672,0.30,Very Good,F,VVS2,Jan 5
Round,$674,0.30,Very Good,E,SI2,Jan 6
Round,$674,0.50,Very Good,K,SI1,Jan 6
Round,$674,0.50,Very Good,K,SI1,Jan 6
Round,$675,0.24,Very Good,D,VVS2,Jan 6
Round,$678,0.30,Very Good,D,VVS2,Jan 5
Round,$679,0.40,Very Good,J,VVS1,Jan 6
Round,$680,0.31,Very Good,G,VVS1,Jan 6
Round,$680,0.31,Very Good,F,VVS1,Jan 6
Round,$685,0.31,Very Good,D,SI2,Jan 6
Round,$687,0.40,Very Good,J,VVS2,Jan 6
Round,$689,0.50,Very Good,K,SI1,Jan 6
Round,$690,0.40,Very Good,E,SI1,Dec 30
Round,$690,0.40,Very Good,E,SI1,Dec 30
Round,$690,0.40,Very Good,E,SI1,Dec 30
Round,$694,0.31,Very Good,J,VVS2,Jan 6
Round,$694,0.40,Very Good,I,SI2,Jan 6
Round,$694,0.39,Very Good,E,SI2,Jan 5
Round,$696,0.31,Very Good,E,SI2,Jan 6
Round,$698,0.33,Very Good,F,VS1,Jan 6
Round,$700,0.40,Very Good,D,SI2,Jan 6
Round,$700,0.40,Very Good,K,IF,Jan 5
Round,$701,0.32,Very Good,G,VVS1,Jan 6
Round,$704,0.30,Very Good,J,VVS1,Jan 6
Round,$709,0.40,Very Good,D,SI2,Dec 30
Round,$709,0.40,Very Good,E,SI1,Jan 6
Round,$711,0.33,Very Good,H,IF,Jan 5
Round,$714,0.30,Very Good,E,SI1,Jan 6
Round,$717,0.37,Very Good,F,SI1,Jan 5
Round,$720,0.33,Very Good,F,VVS1,Jan 6
Round,$724,0.30,Very Good,E,SI1,Jan 6
Round,$724,0.30,Very Good,E,SI1,Jan 6
Round,$724,0.30,Very Good,E,SI1,Jan 6
Round,$730,0.30,Very Good,E,VVS2,Jan 5
Round,$734,0.30,Very Good,E,SI1,Jan 6
Round,$734,0.30,Very Good,E,SI1,Jan 6
Round,$734,0.30,Very Good,E,SI1,Jan 6
Round,$735,0.30,Very Good,E,VVS2,Jan 6
Round,$736,0.26,Very Good,D,VS1,Jan 6
Round,$736,0.26,Very Good,E,VS1,Jan 6
Round,$736,0.26,Very Good,E,VS1,Jan 6
Round,$737,0.39,Very Good,D,SI2,Jan 5
Round,$738,0.30,Very Good,F,VS1,Jan 5
Round,$739,0.35,Very Good,D,SI1,Jan 5
Round,$740,0.40,Very Good,I,SI1,Jan 6
Round,$742,0.40,Very Good,D,SI1,Jan 6
Round,$743,0.32,Very Good,I,VS2,Jan 6
Round,$744,0.26,Very Good,E,VS1,Jan 6
Round,$744,0.37,Very Good,I,SI2,Jan 6
Round,$745,0.31,Very Good,I,VS1,Jan 6
Round,$747,0.32,Very Good,H,VVS1,Jan 5
Round,$748,0.31,Very Good,E,SI1,Jan 6
Round,$748,0.31,Very Good,E,SI1,Jan 6
Round,$748,0.31,Very Good,E,SI1,Jan 6
Round,$748,0.40,Very Good,J,VVS1,Jan 5
Round,$748,0.31,Very Good,D,VVS2,Jan 5
Round,$750,0.40,Very Good,K,VS1,Jan 5
Round,$751,0.32,Very Good,J,VVS1,Jan 6
Round,$753,0.30,Very Good,E,SI1,Jan 6
Round,$753,0.30,Very Good,I,VVS2,Jan 6
Round,$754,0.42,Very Good,F,SI1,Jan 6
Round,$758,0.31,Very Good,E,SI1,Jan 6
Round,$760,0.38,Very Good,G,SI1,Jan 5
Round,$764,0.26,Very Good,D,VS2,Jan 6
Round,$764,0.31,Very Good,F,SI1,Jan 6
Round,$764,0.31,Very Good,F,SI1,Jan 6
Round,$770,0.30,Very Good,D,VVS1,Jan 6
Round,$771,0.30,Very Good,E,SI1,Jan 6
Round,$771,0.30,Very Good,E,SI1,Jan 6
Round,$771,0.30,Very Good,E,SI1,Jan 6
Round,$771,0.30,Very Good,E,SI1,Jan 6
Round,$771,0.30,Very Good,E,SI1,Jan 6
Round,$772,0.32,Very Good,E,SI1,Jan 6
Round,$772,0.32,Very Good,E,SI1,Jan 6
Round,$779,0.40,Very Good,I,VVS1,Jan 6
Round,$780,0.40,Very Good,I,SI1,Jan 6
Round,$782,0.32,Very Good,E,SI1,Jan 6
Round,$782,0.31,Very Good,F,SI1,Jan 6
Round,$786,0.33,Very Good,E,VS1,Jan 5
Round,$788,0.32,Very Good,F,SI1,Jan 6
Round,$797,0.28,Very Good,G,VVS1,Jan 6
Round,$797,0.31,Very Good,E,SI1,Jan 6
Round,$797,0.31,Very Good,E,SI1,Jan 6
Round,$797,0.41,Very Good,E,SI2,Jan 5
Round,$798,0.40,Very Good,E,SI2,Jan 5
Round,$799,0.32,Very Good,F,IF,Jan 5
Round,$803,0.44,Very Good,J,VS1,Jan 5
Round,$804,0.50,Very Good,J,SI2,Jan 5
Round,$808,0.30,Very Good,F,IF,Jan 6
Round,$810,0.50,Very Good,I,SI2,Jan 6
Round,$811,0.40,Very Good,K,VVS1,Jan 5
Round,$812,0.33,Very Good,F,SI1,Jan 6
Round,$816,0.40,Very Good,F,SI2,Jan 5
Round,$816,0.30,Very Good,E,VVS1,Jan 5
Round,$816,0.42,Very Good,E,SI2,Jan 5
Round,$817,0.32,Very Good,G,VVS1,Jan 5
Round,$818,0.41,Very Good,I,VS2,Jan 5
Round,$822,0.40,Very Good,J,VS1,Jan 5
Round,$826,0.32,Very Good,E,VS2,Jan 6
Round,$831,0.30,Very Good,E,VVS2,Jan 5
Round,$832,0.29,Very Good,G,VS2,Jan 6
Round,$837,0.25,Very Good,G,VVS1,Jan 6
Round,$842,0.32,Very Good,F,IF,Jan 6
Round,$844,0.36,Very Good,D,VS1,Jan 6
Round,$850,0.30,Very Good,D,VS2,Jan 6
Round,$850,0.50,Very Good,E,SI2,Jan 6
Round,$850,0.50,Very Good,J,VS1,Jan 6
Round,$852,0.40,Very Good,I,VVS2,Jan 6
Round,$852,0.47,Very Good,J,VS2,Jan 5
Round,$854,0.50,Very Good,K,SI1,Jan 6
Round,$859,0.31,Very Good,E,VVS2,Jan 5
Round,$859,0.50,Very Good,J,SI2,Jan 5
Round,$860,0.50,Very Good,E,SI2,Jan 6
Round,$860,0.50,Very Good,F,SI2,Jan 6
Round,$860,0.50,Very Good,F,SI2,Jan 6
Round,$860,0.50,Very Good,G,SI2,Jan 6
Round,$869,0.32,Very Good,D,VVS2,Jan 5
Round,$870,0.50,Very Good,E,SI2,Jan 6
Round,$871,0.27,Very Good,E,IF,Jan 6
Round,$872,0.40,Very Good,D,SI1,Dec 30
Round,$872,0.45,Very Good,E,SI2,Jan 6
Round,$874,0.41,Very Good,E,SI1,Jan 5
Round,$875,0.43,Very Good,G,SI1,Jan 5
Round,$876,0.34,Very Good,D,VVS1,Jan 6
Round,$879,0.50,Very Good,F,SI2,Jan 6
Round,$880,0.40,Very Good,G,VS1,Jan 6
Round,$881,0.50,Very Good,J,SI2,Jan 6
Round,$884,0.37,Very Good,F,VVS2,Jan 5
Round,$886,0.40,Very Good,I,SI1,Jan 6
Round,$887,0.34,Very Good,F,SI1,Jan 6
Round,$890,0.50,Very Good,E,SI2,Jan 6
Round,$890,0.50,Very Good,E,SI2,Jan 6
Round,$893,0.31,Very Good,F,VVS1,Jan 5
Round,$895,0.46,Very Good,I,SI1,Dec 30
Round,$898,0.40,Very Good,J,SI1,Jan 6
Round,$898,0.44,Very Good,E,SI1,Jan 5
Round,$900,0.27,Very Good,E,VS1,Jan 6
Round,$900,0.51,Very Good,H,SI2,Jan 6
Round,$902,0.40,Very Good,J,IF,Jan 5
Round,$912,0.33,Very Good,E,VVS2,Jan 5
Round,$912,0.33,Very Good,E,VVS2,Jan 5
Round,$912,0.50,Very Good,I,SI2,Jan 5
Round,$913,0.41,Very Good,H,VVS1,Jan 6
Round,$914,0.43,Very Good,I,VVS2,Jan 6
Round,$914,0.50,Very Good,G,SI2,Jan 6
Round,$916,0.50,Very Good,J,SI2,Jan 6
Round,$918,0.40,Very Good,I,VVS1,Jan 6
Round,$919,0.40,Very Good,D,SI2,Jan 5
Round,$919,0.42,Very Good,E,SI1,Jan 5
Round,$920,0.52,Very Good,F,SI2,Jan 6
Round,$926,0.33,Very Good,E,IF,Jan 6
Round,$929,0.40,Very Good,H,VS1,Jan 5
Round,$929,0.32,Very Good,D,VVS2,Jan 5
Round,$929,0.30,Very Good,D,VVS2,Jan 5
Round,$929,0.30,Very Good,D,VVS2,Jan 5
Round,$929,0.30,Very Good,D,VVS2,Jan 5
Round,$930,0.51,Very Good,J,VS1,Jan 6
Round,$930,0.50,Very Good,F,SI2,Jan 6
Round,$930,0.50,Very Good,F,SI2,Jan 6
Round,$930,0.50,Very Good,F,SI2,Jan 6
Round,$935,0.40,Very Good,H,VS2,Jan 6
Round,$940,0.40,Very Good,G,SI1,Jan 5
Round,$940,0.50,Very Good,H,SI2,Jan 6
Round,$942,0.50,Very Good,I,SI2,Jan 5
Round,$951,0.59,Very Good,I,SI2,Jan 6
Round,$952,0.40,Very Good,H,VS1,Jan 6
Round,$952,0.40,Very Good,H,VS1,Jan 6
Round,$959,0.41,Very Good,I,IF,Jan 6
Round,$959,0.41,Very Good,I,IF,Jan 6
Round,$959,0.31,Very Good,E,VVS1,Jan 5
Round,$959,0.31,Very Good,E,VVS1,Jan 5
Round,$960,0.50,Very Good,E,SI2,Jan 6
Round,$960,0.50,Very Good,E,SI2,Jan 6
Round,$963,0.37,Very Good,H,VS2,Jan 6
Round,$967,0.54,Very Good,J,VS2,Jan 5
Round,$967,0.53,Very Good,I,SI2,Jan 5
Round,$968,0.50,Very Good,J,VVS2,Jan 6
Round,$968,0.36,Very Good,E,VVS2,Jan 5
Round,$970,0.30,Very Good,F,VS1,Jan 6
Round,$972,0.40,Very Good,H,VVS2,Jan 6
Round,$972,0.42,Very Good,D,SI1,Jan 5
Round,$975,0.40,Very Good,D,VS2,Jan 6
Round,$976,0.51,Very Good,G,SI2,Jan 6
Round,$977,0.46,Very Good,F,SI1,Jan 5
Round,$979,0.51,Very Good,J,VS2,Jan 5
Round,$982,0.50,Very Good,E,SI2,Jan 6
Round,$984,0.34,Very Good,D,VVS2,Jan 5
Round,$988,0.32,Very Good,D,VVS2,Jan 5
Round,$990,0.51,Very Good,G,SI2,Jan 6
Round,$993,0.40,Very Good,F,VS2,Jan 5
Round,$993,0.40,Very Good,H,VS1,Jan 5
Round,$995,0.38,Very Good,J,VVS1,Jan 6
Round,$999,0.40,Very Good,I,VVS1,Jan 6
Round,"$1,000",0.36,Very Good,D,VS2,Jan 5
Round,"$1,000",0.50,Very Good,D,SI2,Jan 6
Round,"$1,003",0.43,Very Good,I,IF,Jan 6
Round,"$1,004",0.50,Very Good,J,VVS2,Jan 6
Round,"$1,006",0.38,Very Good,D,VS1,Jan 5
Round,"$1,010",0.37,Very Good,D,SI1,Jan 6
Round,"$1,010",0.41,Very Good,D,VVS2,Jan 6
Round,"$1,010",0.52,Very Good,G,SI2,Jan 6
Round,"$1,012",0.38,Very Good,D,SI1,Jan 6
Round,"$1,012",0.38,Very Good,E,VVS2,Jan 6
Round,"$1,018",0.42,Very Good,J,VS2,Jan 6
Round,"$1,020",0.50,Very Good,E,SI1,Jan 6
Round,"$1,021",0.50,Very Good,J,VVS2,Jan 6
Round,"$1,021",0.50,Very Good,J,VVS2,Jan 6
Round,"$1,022",0.40,Very Good,J,VVS2,Jan 6
Round,"$1,028",0.50,Very Good,K,VS2,Jan 5
Round,"$1,029",0.55,Very Good,I,SI2,Jan 5
Round,"$1,030",0.50,Very Good,H,SI1,Jan 6
Round,"$1,032",0.45,Very Good,G,VS1,Jan 5
Round,"$1,033",0.51,Very Good,K,VS1,Jan 5
Round,"$1,035",0.38,Very Good,H,VS1,Jan 6
Round,"$1,037",0.50,Very Good,J,VVS2,Jan 6
Round,"$1,037",0.50,Very Good,J,VVS2,Jan 6
Round,"$1,037",0.50,Very Good,J,VVS2,Jan 5
Round,"$1,039",0.53,Very Good,K,SI1,Jan 5
Round,"$1,040",0.42,Very Good,F,VS2,Jan 5
Round,"$1,040",0.50,Very Good,J,VVS1,Jan 6
Round,"$1,040",0.50,Very Good,F,SI2,Jan 6
Round,"$1,050",0.50,Very Good,F,SI1,Jan 6
Round,"$1,050",0.50,Very Good,F,SI2,Jan 6
Round,"$1,051",0.42,Very Good,G,VS1,Jan 5
Round,"$1,055",0.50,Very Good,F,SI2,Jan 5
Round,"$1,055",0.50,Very Good,J,VVS2,Jan 6
Round,"$1,057",0.53,Very Good,J,VS1,Jan 5
Round,"$1,071",0.33,Very Good,E,VS2,Jan 5
Round,"$1,073",0.50,Very Good,I,VS2,Jan 6
Round,"$1,073",0.34,Very Good,D,VVS1,Jan 5
Round,"$1,073",0.50,Very Good,F,SI2,Jan 6
Round,"$1,074",0.41,Very Good,F,VS1,Jan 6
Round,"$1,076",0.51,Very Good,J,VVS2,Jan 6
Round,"$1,078",0.49,Very Good,I,VS2,Jan 5
Round,"$1,078",0.49,Very Good,H,SI1,Jan 5
Round,"$1,079",0.39,Very Good,E,VS2,Jan 6
Round,"$1,083",0.50,Very Good,J,VS2,Jan 5
Round,"$1,083",0.45,Very Good,H,VVS2,Jan 5
Round,"$1,084",0.40,Very Good,D,VS2,Jan 5
Round,"$1,084",0.40,Very Good,D,VS2,Jan 5
Round,"$1,086",0.30,Very Good,D,IF,Jan 6
Round,"$1,086",0.30,Very Good,D,IF,Jan 6
Round,"$1,086",0.30,Very Good,D,IF,Jan 6
Round,"$1,090",0.50,Very Good,F,SI1,Jan 6
Round,"$1,090",0.50,Very Good,G,SI1,Jan 6
Round,"$1,094",0.51,Very Good,I,SI2,Jan 5
Round,"$1,096",0.43,Very Good,J,VVS2,Jan 6
Round,"$1,100",0.60,Very Good,K,SI1,Jan 6
Round,"$1,100",0.50,Very Good,F,SI2,Jan 6
Round,"$1,103",0.35,Very Good,E,VVS1,Jan 5
Round,"$1,110",0.50,Very Good,I,VS2,Jan 6
Round,"$1,110",0.50,Very Good,E,SI1,Jan 6
Round,"$1,111",0.50,Very Good,I,VVS2,Jan 6
Round,"$1,120",0.50,Very Good,H,SI2,Jan 6
Round,"$1,120",0.50,Very Good,G,SI1,Jan 6
Round,"$1,120",0.50,Very Good,G,SI1,Jan 6
Round,"$1,120",0.50,Very Good,E,SI1,Jan 6
Round,"$1,123",0.50,Very Good,I,VS1,Jan 6
Round,"$1,124",0.70,Very Good,K,SI1,Jan 6
Round,"$1,124",0.30,Very Good,D,IF,Jan 5
Round,"$1,130",0.50,Very Good,F,SI1,Jan 6
Round,"$1,130",0.54,Very Good,F,SI2,Jan 6
Round,"$1,133",0.50,Very Good,F,SI2,Jan 6
Round,"$1,134",0.38,Very Good,H,IF,Jan 6
Round,"$1,136",0.50,Very Good,I,SI2,Jan 5
Round,"$1,140",0.50,Very Good,E,SI1,Jan 6
Round,"$1,146",0.70,Very Good,K,SI1,Jan 6
Round,"$1,148",0.40,Very Good,E,SI1,Jan 6
Round,"$1,148",0.40,Very Good,E,SI1,Jan 6
Round,"$1,148",0.40,Very Good,E,SI1,Jan 6
Round,"$1,148",0.50,Very Good,E,SI2,Jan 5
Round,"$1,152",0.50,Very Good,J,VS2,Jan 5
Round,"$1,152",0.50,Very Good,J,VS2,Jan 5
Round,"$1,152",0.50,Very Good,J,VS2,Jan 5
Round,"$1,156",0.52,Very Good,J,VVS1,Jan 6
Round,"$1,160",0.50,Very Good,D,SI1,Jan 6
Round,"$1,160",0.50,Very Good,E,SI1,Jan 6
Round,"$1,160",0.50,Very Good,F,SI1,Jan 6
Round,"$1,162",0.40,Very Good,E,VS1,Jan 5
Round,"$1,163",0.50,Very Good,I,SI1,Jan 5
Round,"$1,167",0.50,Very Good,I,VS1,Jan 5
Round,"$1,175",0.53,Very Good,J,VVS1,Jan 6
Round,"$1,178",0.50,Very Good,F,SI1,Jan 6
Round,"$1,180",0.50,Very Good,F,VS2,Jan 6
Round,"$1,188",0.40,Very Good,F,VVS2,Jan 5
Round,"$1,190",0.46,Very Good,D,VS2,Jan 5
Round,"$1,195",0.50,Very Good,F,SI1,Jan 6
Round,"$1,198",0.50,Very Good,J,VS1,Jan 5
Round,"$1,198",0.50,Very Good,J,VS1,Jan 5
Round,"$1,205",0.40,Very Good,D,VS1,Jan 5
Round,"$1,207",0.50,Very Good,D,SI2,Jan 5
Round,"$1,209",0.38,Very Good,D,VVS2,Jan 5
Round,"$1,210",0.50,Very Good,E,SI2,Jan 6
Round,"$1,210",0.50,Very Good,E,SI2,Jan 6
Round,"$1,215",0.32,Very Good,D,VS1,Jan 5
Round,"$1,215",0.48,Very Good,G,SI1,Jan 6
Round,"$1,220",0.55,Very Good,E,SI2,Jan 5
Round,"$1,224",0.49,Very Good,G,SI1,Jan 5
Round,"$1,226",0.50,Very Good,F,SI1,Jan 6
Round,"$1,229",0.40,Very Good,F,VVS1,Jan 6
Round,"$1,230",0.51,Very Good,G,SI2,Jan 6
Round,"$1,230",0.50,Very Good,G,VS2,Jan 6
Round,"$1,231",0.43,Very Good,E,SI1,Jan 6
Round,"$1,231",0.51,Very Good,E,SI2,Jan 6
Round,"$1,231",0.49,Very Good,D,SI1,Jan 5
Round,"$1,235",0.38,Very Good,D,VVS2,Jan 5
Round,"$1,235",0.38,Very Good,D,VVS2,Jan 5
Round,"$1,236",0.62,Very Good,K,VS2,Jan 5
Round,"$1,237",0.68,Very Good,H,SI2,Jan 6
Round,"$1,239",0.52,Very Good,J,VS1,Jan 6
Round,"$1,239",0.50,Very Good,E,SI1,Jan 5
Round,"$1,240",0.50,Very Good,H,VS2,Jan 6
Round,"$1,241",0.51,Very Good,E,SI2,Jan 6
Round,"$1,243",0.50,Very Good,J,VVS2,Jan 5
Round,"$1,243",0.50,Very Good,J,VVS2,Jan 5
Round,"$1,246",0.39,Very Good,E,VVS2,Jan 6
Round,"$1,248",0.51,Very Good,F,SI1,Jan 6
Round,"$1,249",0.50,Very Good,I,VS1,Jan 6
Round,"$1,250",0.65,Very Good,F,SI2,Jan 6
Round,"$1,257",0.54,Very Good,I,VS1,Jan 5
Round,"$1,266",0.41,Very Good,D,SI1,Jan 6
Round,"$1,267",0.45,Very Good,F,SI1,Jan 6
Round,"$1,267",0.50,Very Good,I,VVS2,Jan 6
Round,"$1,267",0.50,Very Good,I,VVS2,Jan 6
Round,"$1,270",0.50,Very Good,G,SI1,Jan 6
Round,"$1,271",0.40,Very Good,E,VVS2,Jan 6
Round,"$1,280",0.50,Very Good,E,VS2,Jan 6
Round,"$1,280",0.51,Very Good,F,SI1,Jan 6
Round,"$1,282",0.70,Very Good,J,SI1,Jan 6
Round,"$1,284",0.50,Very Good,I,VVS1,Jan 6
Round,"$1,290",0.38,Very Good,D,VS1,Jan 6
Round,"$1,290",0.50,Very Good,J,VVS1,Jan 5
Round,"$1,290",0.50,Very Good,E,SI2,Jan 5
Round,"$1,291",0.50,Very Good,E,SI2,Jan 6
Round,"$1,297",0.42,Very Good,D,SI1,Jan 6
Round,"$1,297",0.42,Very Good,D,SI1,Jan 6
Round,"$1,300",0.32,Very Good,D,VVS2,Jan 5
Round,"$1,300",0.50,Very Good,J,SI1,Jan 5
Round,"$1,300",0.54,Very Good,E,SI1,Jan 6
Round,"$1,304",0.50,Very Good,I,VVS1,Jan 6
Round,"$1,304",0.50,Very Good,I,VVS1,Jan 6
Round,"$1,305",0.55,Very Good,F,SI2,Jan 6
Round,"$1,306",0.40,Very Good,F,VVS1,Jan 6
Round,"$1,307",0.60,Very Good,I,SI2,Jan 5
Round,"$1,308",0.50,Very Good,E,VS2,Jan 6
Round,"$1,308",0.50,Very Good,F,SI1,Jan 5
Round,"$1,309",0.52,Very Good,J,VS2,Jan 5
Round,"$1,309",0.50,Very Good,G,SI1,Jan 5
Round,"$1,309",0.50,Very Good,G,SI1,Jan 5
Round,"$1,310",0.53,Very Good,D,SI2,Jan 6
Round,"$1,310",0.50,Very Good,G,VS2,Jan 6
Round,"$1,311",0.70,Very Good,J,SI1,Jan 6
Round,"$1,321",0.39,Very Good,D,VS1,Jan 6
Round,"$1,324",0.54,Very Good,I,SI2,Jan 5
Round,"$1,325",0.43,Very Good,D,SI1,Jan 6
Round,"$1,325",0.43,Very Good,D,SI1,Jan 6
Round,"$1,326",0.50,Very Good,I,VVS1,Jan 6
Round,"$1,327",0.51,Very Good,D,SI2,Jan 6
Round,"$1,328",0.60,Very Good,F,SI2,Jan 6
Round,"$1,328",0.37,Very Good,D,VVS1,Jan 5
Round,"$1,330",0.70,Very Good,K,VS2,Jan 6
Round,"$1,335",0.70,Very Good,K,SI2,Jan 6
Round,"$1,335",0.70,Very Good,K,SI2,Jan 6
Round,"$1,335",0.70,Very Good,K,SI2,Jan 6
Round,"$1,337",0.51,Very Good,F,SI2,Jan 5
Round,"$1,337",0.56,Very Good,J,VS2,Jan 5
Round,"$1,339",0.41,Very Good,D,VVS2,Jan 6
Round,"$1,348",0.41,Very Good,F,VVS1,Jan 5
Round,"$1,352",0.50,Very Good,G,SI1,Jan 5
Round,"$1,359",0.50,Very Good,D,SI2,Jan 5
Round,"$1,367",0.51,Very Good,H,VS2,Jan 6
Round,"$1,370",0.50,Very Good,G,VS2,Jan 6
Round,"$1,375",0.41,Very Good,F,IF,Jan 6
Round,"$1,376",0.50,Very Good,H,SI1,Jan 6
Round,"$1,376",0.58,Very Good,J,VS1,Jan 6
Round,"$1,380",0.50,Very Good,H,SI1,Jan 5
Round,"$1,380",0.50,Very Good,I,VS2,Jan 5
Round,"$1,380",0.50,Very Good,E,VS2,Jan 6
Round,"$1,390",0.50,Very Good,G,VS2,Jan 6
Round,"$1,390",0.70,Very Good,H,SI2,Jan 6
Round,"$1,390",0.72,Very Good,I,SI2,Jan 6
Round,"$1,391",0.50,Very Good,E,SI1,Jan 5
Round,"$1,397",0.64,Very Good,I,SI2,Jan 5
Round,"$1,399",0.42,Very Good,D,VVS2,Jan 5
Round,"$1,400",0.50,Very Good,G,VVS1,Jan 6
Round,"$1,400",0.50,Very Good,H,IF,Jan 6
Round,"$1,400",0.50,Very Good,G,VS2,Jan 6
Round,"$1,404",0.59,Very Good,J,VS1,Jan 5
Round,"$1,410",0.50,Very Good,G,VS1,Jan 6
Round,"$1,424",0.70,Very Good,J,SI2,Jan 6
Round,"$1,425",0.60,Very Good,G,SI2,Jan 5
Round,"$1,426",0.71,Very Good,I,SI2,Jan 6
Round,"$1,427",0.70,Very Good,I,SI2,Jan 6
Round,"$1,429",0.58,Very Good,J,VVS2,Jan 6
Round,"$1,430",0.50,Very Good,F,VVS2,Jan 6
Round,"$1,430",0.50,Very Good,D,SI2,Jan 5
Round,"$1,431",0.51,Very Good,H,VVS1,Jan 6
Round,"$1,432",0.50,Very Good,I,VS2,Jan 5
Round,"$1,432",0.50,Very Good,I,VS2,Jan 5
Round,"$1,436",0.42,Very Good,E,VVS1,Jan 5
Round,"$1,436",0.50,Very Good,I,VS2,Jan 5
Round,"$1,436",0.50,Very Good,I,VS2,Jan 5
Round,"$1,438",0.71,Very Good,F,SI2,Jan 6
Round,"$1,447",0.50,Very Good,I,VS1,Jan 6
Round,"$1,450",0.52,Very Good,G,VS2,Jan 6
Round,"$1,455",0.40,Very Good,D,VS1,Jan 6
Round,"$1,460",0.52,Very Good,H,VVS1,Jan 6
Round,"$1,461",0.50,Very Good,F,SI1,Jan 6
Round,"$1,463",0.44,Very Good,D,VVS2,Jan 5
Round,"$1,464",0.47,Very Good,G,VVS2,Jan 5
Round,"$1,464",0.54,Very Good,E,SI2,Jan 6
Round,"$1,466",0.46,Very Good,G,VS2,Jan 6
Round,"$1,466",0.50,Very Good,E,VS2,Jan 5
Round,"$1,468",0.44,Very Good,D,SI1,Jan 6
Round,"$1,470",0.70,Very Good,E,SI2,Jan 6
Round,"$1,470",0.70,Very Good,E,SI2,Jan 6
Round,"$1,470",0.70,Very Good,G,SI2,Jan 6
Round,"$1,472",0.50,Very Good,I,VS1,Jan 5
Round,"$1,472",0.50,Very Good,I,VS1,Jan 5
Round,"$1,472",0.50,Very Good,I,VS1,Jan 5
Round,"$1,472",0.50,Very Good,I,VS1,Jan 5
Round,"$1,472",0.50,Very Good,D,SI1,Jan 5
Round,"$1,472",0.50,Very Good,D,SI1,Jan 5
Round,"$1,475",0.63,Very Good,F,SI2,Jan 5
Round,"$1,476",0.50,Very Good,F,SI1,Jan 5
Round,"$1,476",0.50,Very Good,I,VS2,Jan 5
Round,"$1,476",0.50,Very Good,I,VS2,Jan 5
Round,"$1,476",0.50,Very Good,I,VS2,Jan 5
Round,"$1,476",0.50,Very Good,I,VS2,Jan 5
Round,"$1,476",0.50,Very Good,I,VS2,Jan 5
Round,"$1,476",0.50,Very Good,I,VS2,Jan 5
Round,"$1,476",0.50,Very Good,I,VS2,Jan 5
Round,"$1,476",0.50,Very Good,I,VS2,Jan 5
Round,"$1,476",0.50,Very Good,I,VS2,Jan 5
Round,"$1,476",0.50,Very Good,I,VS2,Jan 5
Round,"$1,476",0.50,Very Good,I,VS2,Jan 5
Round,"$1,477",0.54,Very Good,I,VS1,Jan 5
Round,"$1,480",0.50,Very Good,E,VS2,Jan 6
Round,"$1,480",0.50,Very Good,F,VS2,Jan 6
Round,"$1,480",0.50,Very Good,F,VS2,Jan 6
Round,"$1,488",0.70,Very Good,J,SI1,Jan 6
Round,"$1,490",0.40,Very Good,E,IF,Jan 6
Round,"$1,490",0.69,Very Good,H,SI2,Jan 6
Round,"$1,499",0.51,Very Good,G,SI1,Jan 5
Round,"$1,499",0.51,Very Good,I,VS1,Jan 5
Round,"$1,509",0.50,Very Good,F,SI2,Dec 30
Round,"$1,511",0.50,Very Good,G,VS2,Jan 5
Round,"$1,517",0.52,Very Good,F,SI1,Jan 6
Round,"$1,517",0.50,Very Good,I,VVS2,Jan 5
Round,"$1,517",0.50,Very Good,I,VVS2,Jan 5
Round,"$1,517",0.50,Very Good,I,VVS2,Jan 5
Round,"$1,517",0.50,Very Good,I,VVS2,Jan 5
Round,"$1,517",0.50,Very Good,I,VVS2,Jan 5
Round,"$1,517",0.50,Very Good,I,VVS2,Jan 5
Round,"$1,517",0.50,Very Good,I,VVS2,Jan 5
Round,"$1,517",0.50,Very Good,I,VVS2,Jan 5
Round,"$1,519",0.50,Very Good,E,SI1,Jan 6
Round,"$1,519",0.55,Very Good,J,VS2,Jan 6
Round,"$1,519",0.50,Very Good,E,SI1,Jan 5
Round,"$1,520",0.70,Very Good,H,SI2,Jan 6
Round,"$1,520",0.70,Very Good,H,SI2,Jan 6
Round,"$1,520",0.50,Very Good,F,VVS2,Jan 6
Round,"$1,524",0.70,Very Good,F,SI2,Jan 6
Round,"$1,527",0.41,Very Good,E,IF,Jan 6
Round,"$1,530",0.50,Very Good,G,VS1,Jan 6
Round,"$1,532",0.50,Very Good,I,VS1,Jan 5
Round,"$1,532",0.50,Very Good,I,VS1,Jan 5
Round,"$1,532",0.50,Very Good,I,VS1,Jan 5
Round,"$1,536",0.50,Very Good,G,VVS1,Jan 6
Round,"$1,536",0.60,Very Good,E,SI2,Jan 5
Round,"$1,536",0.50,Very Good,G,VVS1,Jan 6
Round,"$1,536",0.50,Very Good,G,VVS1,Jan 6
Round,"$1,538",0.50,Very Good,D,SI1,Jan 5
Round,"$1,540",0.70,Very Good,J,VVS1,Jan 6
Round,"$1,546",0.50,Very Good,F,SI1,Jan 5
Round,"$1,547",0.51,Very Good,I,VVS2,Jan 5
Round,"$1,547",0.51,Very Good,E,VS2,Jan 5
Round,"$1,550",0.55,Very Good,E,VS2,Jan 6
Round,"$1,551",0.52,Very Good,I,VVS2,Jan 6
Round,"$1,553",0.50,Very Good,H,VS1,Jan 5
Round,"$1,555",0.60,Very Good,J,VS2,Jan 5
Round,"$1,557",0.48,Very Good,E,VS1,Jan 6
Round,"$1,557",0.59,Very Good,I,VS1,Jan 5
Round,"$1,557",0.72,Very Good,I,SI1,Jan 6
Round,"$1,558",0.70,Very Good,G,SI2,Jan 6
Round,"$1,560",0.50,Very Good,D,VS1,Jan 6
Round,"$1,560",0.71,Very Good,G,SI2,Jan 6
Round,"$1,561",0.50,Very Good,I,VVS1,Jan 5
Round,"$1,563",0.52,Very Good,F,SI2,Jan 5
Round,"$1,569",0.50,Very Good,F,VVS2,Jan 6
Round,"$1,569",0.50,Very Good,F,VVS2,Jan 6
Round,"$1,571",0.50,Very Good,I,VS1,Jan 5
Round,"$1,571",0.50,Very Good,I,VS1,Jan 5
Round,"$1,571",0.50,Very Good,I,VS1,Jan 5
Round,"$1,571",0.50,Very Good,I,VS1,Jan 5
Round,"$1,572",0.51,Very Good,H,VVS2,Jan 6
Round,"$1,583",0.71,Very Good,K,SI1,Jan 6
Round,"$1,584",0.70,Very Good,I,SI1,Jan 6
Round,"$1,587",0.70,Very Good,J,SI1,Jan 5
Round,"$1,591",0.50,Very Good,F,SI1,Jan 5
Round,"$1,592",0.51,Very Good,I,VVS1,Jan 5
Round,"$1,598",0.70,Very Good,I,SI1,Jan 6
Round,"$1,598",0.70,Very Good,I,SI1,Jan 6
Round,"$1,598",0.50,Very Good,E,VS1,Jan 5
Round,"$1,598",0.50,Very Good,E,VS1,Jan 5
Round,"$1,602",0.52,Very Good,H,VVS2,Jan 6
Round,"$1,602",0.52,Very Good,F,VS2,Jan 6
Round,"$1,606",0.70,Very Good,I,SI1,Jan 6
Round,"$1,607",0.54,Very Good,I,VVS2,Jan 6
Round,"$1,608",0.50,Very Good,H,VS2,Jan 5
Round,"$1,614",0.70,Very Good,H,SI1,Jan 6
Round,"$1,618",0.57,Very Good,D,SI2,Jan 5
Round,"$1,619",0.50,Very Good,I,VVS2,Jan 5
Round,"$1,619",0.50,Very Good,I,VVS2,Jan 5
Round,"$1,619",0.50,Very Good,I,VVS2,Jan 5
Round,"$1,619",0.50,Very Good,I,VVS2,Jan 5
Round,"$1,619",0.50,Very Good,I,VVS2,Jan 5
Round,"$1,619",0.50,Very Good,I,VVS2,Jan 5
Round,"$1,619",0.50,Very Good,I,VVS2,Jan 5
Round,"$1,620",0.70,Very Good,H,SI1,Jan 6
Round,"$1,620",0.71,Very Good,J,VS2,Jan 6
Round,"$1,625",0.53,Very Good,H,VS1,Jan 5
Round,"$1,626",0.71,Very Good,I,SI1,Jan 6
Round,"$1,629",0.65,Very Good,D,SI2,Jan 6
Round,"$1,630",0.71,Very Good,G,SI2,Jan 6
Round,"$1,630",0.71,Very Good,G,SI2,Jan 6
Round,"$1,630",0.70,Very Good,F,SI2,Jan 6
Round,"$1,635",0.50,Very Good,H,VS1,Jan 6
Round,"$1,642",0.52,Very Good,G,VS1,Jan 6
Round,"$1,643",0.50,Very Good,D,VS2,Jan 5
Round,"$1,650",0.70,Very Good,H,SI1,Jan 6
Round,"$1,664",0.59,Very Good,K,VVS1,Jan 6
Round,"$1,670",0.50,Very Good,I,VVS1,Jan 5
Round,"$1,673",0.53,Very Good,G,VS1,Jan 6
Round,"$1,673",0.50,Very Good,E,VS2,Jan 5
Round,"$1,673",0.50,Very Good,E,VS2,Jan 5
Round,"$1,676",0.70,Very Good,I,SI1,Jan 6
Round,"$1,676",0.51,Very Good,D,VS2,Jan 5
Round,"$1,680",0.70,Very Good,F,SI2,Jan 6
Round,"$1,680",0.70,Very Good,G,SI2,Jan 6
Round,"$1,682",0.70,Very Good,J,VVS2,Jan 6
Round,"$1,683",0.70,Very Good,I,SI1,Jan 6
Round,"$1,689",0.52,Very Good,G,VS2,Jan 6
Round,"$1,690",0.71,Very Good,H,SI1,Jan 6
Round,"$1,691",0.54,Very Good,I,VS1,Jan 5
Round,"$1,693",0.70,Very Good,J,SI2,Jan 6
Round,"$1,695",0.70,Very Good,G,SI2,Jan 6
Round,"$1,697",0.50,Very Good,D,VS2,Jan 6
Round,"$1,697",0.50,Very Good,D,VS2,Jan 6
Round,"$1,700",0.71,Very Good,G,SI2,Jan 6
Round,"$1,706",0.58,Very Good,J,VS2,Jan 6
Round,"$1,712",0.50,Very Good,F,VS1,Jan 5
Round,"$1,713",0.53,Very Good,E,VS2,Jan 6
Round,"$1,714",0.50,Very Good,F,VS2,Jan 5
Round,"$1,717",0.50,Very Good,I,SI2,Jan 5
Round,"$1,717",0.50,Very Good,H,VS2,Jan 5
Round,"$1,719",0.50,Very Good,H,VS2,Jan 6
Round,"$1,720",0.70,Very Good,H,SI1,Jan 6
Round,"$1,720",0.71,Very Good,G,SI2,Jan 6
Round,"$1,721",0.71,Very Good,E,SI2,Jan 6
Round,"$1,722",0.50,Very Good,F,VS2,Jan 6
Round,"$1,724",0.32,Very Good,D,VVS1,Jan 5
Round,"$1,728",0.59,Very Good,H,SI1,Jan 5
Round,"$1,731",0.51,Very Good,D,VS2,Jan 6
Round,"$1,737",0.50,Very Good,F,VVS2,Jan 5
Round,"$1,739",0.70,Very Good,H,SI1,Jan 6
Round,"$1,742",0.56,Very Good,E,SI1,Jan 5
Round,"$1,743",0.50,Very Good,D,VS2,Jan 5
Round,"$1,744",0.50,Very Good,H,VS1,Jan 5
Round,"$1,745",0.45,Very Good,E,VVS1,Jan 6
Round,"$1,750",0.51,Very Good,E,VS1,Jan 5
Round,"$1,750",0.50,Very Good,D,VS2,Jan 5
Round,"$1,754",0.50,Very Good,D,VS1,Jan 5
Round,"$1,760",0.70,Very Good,F,SI2,Jan 6
Round,"$1,760",0.70,Very Good,F,SI1,Jan 6
Round,"$1,760",0.70,Very Good,J,VVS2,Jan 5
Round,"$1,760",0.70,Very Good,J,VVS2,Jan 5
Round,"$1,761",0.50,Very Good,G,VVS2,Jan 6
Round,"$1,765",0.72,Very Good,G,SI2,Jan 6
Round,"$1,766",0.57,Very Good,H,VS2,Jan 6
Round,"$1,769",0.51,Very Good,E,VS1,Jan 6
Round,"$1,769",0.51,Very Good,F,VVS2,Jan 6
Round,"$1,770",0.70,Very Good,F,SI2,Jan 6
Round,"$1,778",0.58,Very Good,H,VVS2,Jan 6
Round,"$1,779",0.70,Very Good,F,SI2,Jan 6
Round,"$1,780",0.70,Very Good,I,VS2,Jan 6
Round,"$1,781",0.60,Very Good,I,VS1,Jan 5
Round,"$1,781",0.46,Very Good,E,VVS1,Jan 5
Round,"$1,785",0.71,Very Good,F,SI2,Jan 6
Round,"$1,787",0.70,Very Good,J,SI2,Jan 5
Round,"$1,788",0.50,Very Good,H,VVS2,Jan 5
Round,"$1,789",0.51,Very Good,D,VS1,Jan 5
Round,"$1,790",0.71,Very Good,I,SI1,Jan 6
Round,"$1,791",0.63,Very Good,J,VS1,Jan 6
Round,"$1,792",0.50,Very Good,E,VS1,Jan 5
Round,"$1,792",0.50,Very Good,E,VS1,Jan 5
Round,"$1,795",0.53,Very Good,G,VS2,Jan 5
Round,"$1,797",0.58,Very Good,I,IF,Jan 6
Round,"$1,800",0.70,Very Good,H,SI1,Jan 6
Round,"$1,801",0.50,Very Good,E,VS2,Jan 5
Round,"$1,803",0.60,Very Good,J,VS1,Jan 6
Round,"$1,804",0.56,Very Good,D,SI1,Jan 6
Round,"$1,805",0.70,Very Good,K,VVS2,Jan 6
Round,"$1,807",0.70,Very Good,J,VS1,Jan 6
Round,"$1,810",0.60,Very Good,H,VS2,Jan 5
Round,"$1,810",0.71,Very Good,I,VS2,Jan 6
Round,"$1,812",0.50,Very Good,H,VS1,Jan 5
Round,"$1,813",0.70,Very Good,F,SI1,Jan 6
Round,"$1,823",0.75,Very Good,K,SI1,Jan 6
Round,"$1,825",0.69,Very Good,E,SI2,Jan 5
Round,"$1,826",0.51,Very Good,E,VVS2,Jan 5
Round,"$1,828",0.50,Very Good,E,VS2,Jan 6
Round,"$1,829",0.50,Very Good,F,VVS1,Jan 6
Round,"$1,830",0.70,Very Good,E,SI1,Jan 6
Round,"$1,832",0.50,Very Good,D,SI2,Jan 6
Round,"$1,832",0.50,Very Good,G,VS1,Jan 5
Round,"$1,832",0.50,Very Good,F,VS2,Jan 5
Round,"$1,842",0.90,Very Good,K,SI2,Jan 6
Round,"$1,844",0.55,Very Good,E,SI1,Jan 6
Round,"$1,845",0.70,Very Good,F,SI1,Jan 6
Round,"$1,846",0.50,Very Good,D,VS2,Jan 6
Round,"$1,846",0.50,Very Good,F,VVS2,Jan 6
Round,"$1,846",0.86,Very Good,K,SI2,Jan 5
Round,"$1,849",0.54,Very Good,G,IF,Jan 5
Round,"$1,850",0.70,Very Good,G,SI1,Jan 6
Round,"$1,851",0.61,Very Good,H,SI1,Jan 6
Round,"$1,852",0.69,Very Good,I,SI1,Jan 5
Round,"$1,856",0.51,Very Good,G,VVS2,Jan 6
Round,"$1,861",0.51,Very Good,E,VS2,Jan 5
Round,"$1,864",0.65,Very Good,G,SI2,Jan 5
Round,"$1,865",0.61,Very Good,J,VVS2,Jan 6
Round,"$1,870",0.50,Very Good,F,VS1,Jan 6
Round,"$1,870",0.54,Very Good,F,VS2,Jan 6
Round,"$1,872",0.50,Very Good,D,VS1,Jan 5
Round,"$1,872",0.50,Very Good,D,VS1,Jan 5
Round,"$1,875",0.70,Very Good,G,SI1,Jan 6
Round,"$1,877",0.50,Very Good,G,VVS2,Jan 5
Round,"$1,877",0.50,Very Good,E,VS2,Jan 5
Round,"$1,878",0.71,Very Good,J,SI1,Jan 5
Round,"$1,881",0.51,Very Good,G,VVS1,Jan 6
Round,"$1,882",0.50,Very Good,G,VS1,Jan 6
Round,"$1,887",0.51,Very Good,E,VVS2,Jan 6
Round,"$1,887",0.51,Very Good,E,VVS2,Jan 6
Round,"$1,887",0.51,Very Good,E,VVS2,Jan 6
Round,"$1,888",0.50,Very Good,F,VVS2,Jan 6
Round,"$1,888",0.50,Very Good,H,VS2,Jan 5
Round,"$1,890",0.50,Very Good,F,VVS1,Jan 6
Round,"$1,895",0.60,Very Good,I,VS1,Jan 5
Round,"$1,896",0.52,Very Good,H,VS2,Jan 5
Round,"$1,897",0.70,Very Good,H,SI1,Jan 6
Round,"$1,900",0.71,Very Good,H,SI1,Jan 6
Round,"$1,904",0.60,Very Good,F,SI1,Jan 6
Round,"$1,910",0.50,Very Good,F,VS1,Jan 6
Round,"$1,910",0.50,Very Good,H,VVS2,Jan 5
Round,"$1,910",0.50,Very Good,H,VVS2,Jan 5
Round,"$1,910",0.50,Very Good,H,VVS2,Jan 5
Round,"$1,910",0.50,Very Good,H,VVS2,Jan 5
Round,"$1,911",0.56,Very Good,F,VS2,Jan 5
Round,"$1,914",0.70,Very Good,F,SI2,Jan 5
Round,"$1,914",0.70,Very Good,H,SI2,Jan 5
Round,"$1,914",0.70,Very Good,H,SI2,Jan 5
Round,"$1,925",0.80,Very Good,H,SI2,Jan 6
Round,"$1,926",0.70,Very Good,I,VS2,Jan 6
Round,"$1,928",0.70,Very Good,H,SI2,Jan 6
Round,"$1,930",0.71,Very Good,J,SI2,Jan 5
Round,"$1,930",0.70,Very Good,F,SI2,Jan 6
Round,"$1,938",0.63,Very Good,F,SI2,Jan 5
Round,"$1,940",0.70,Very Good,G,SI1,Jan 6
Round,"$1,944",0.57,Very Good,H,VVS2,Jan 5
Round,"$1,945",0.70,Very Good,J,VVS2,Jan 6
Round,"$1,950",0.70,Very Good,F,SI1,Jan 6
Round,"$1,950",0.70,Very Good,F,SI1,Jan 6
Round,"$1,958",0.70,Very Good,J,VVS1,Jan 6
Round,"$1,960",0.50,Very Good,G,IF,Jan 6
Round,"$1,963",0.90,Very Good,K,SI1,Jan 6
Round,"$1,963",0.90,Very Good,K,SI1,Jan 6
Round,"$1,967",0.55,Very Good,F,VVS2,Jan 4
Round,"$1,967",0.90,Very Good,J,SI2,Jan 6
Round,"$1,968",0.70,Very Good,G,SI1,Jan 6
Round,"$1,969",0.50,Very Good,D,VVS2,Jan 6
Round,"$1,970",0.71,Very Good,F,SI1,Jan 6
Round,"$1,973",0.50,Very Good,E,VS1,Jan 6
Round,"$1,975",0.54,Very Good,G,VS1,Jan 5
Round,"$1,975",0.64,Very Good,G,VS2,Jan 5
Round,"$1,976",0.70,Very Good,F,SI2,Jan 5
Round,"$1,978",0.77,Very Good,K,VVS2,Jan 6
Round,"$1,980",0.70,Very Good,E,SI1,Jan 6
Round,"$1,980",0.71,Very Good,I,VS2,Jan 6
Round,"$1,985",0.70,Very Good,E,SI2,Jan 6
Round,"$1,986",0.71,Very Good,H,SI1,Jan 6
Round,"$1,988",0.70,Very Good,D,SI1,Jan 6
Round,"$1,990",0.71,Very Good,K,VVS1,Jan 5
Round,"$1,995",0.76,Very Good,K,VVS2,Jan 5
Round,"$1,999",0.51,Very Good,G,IF,Jan 6
Round,"$1,999",0.51,Very Good,G,IF,Jan 6
Round,"$1,999",0.51,Very Good,G,IF,Jan 6
Round,"$1,999",0.52,Very Good,F,VS1,Jan 5
Round,"$1,999",0.70,Very Good,F,SI1,Jan 6
Round,"$2,004",0.51,Very Good,D,VVS2,Jan 5
Round,"$2,004",0.90,Very Good,K,SI1,Jan 6
Round,"$2,008",0.51,Very Good,D,VS2,Jan 5
Round,"$2,008",0.51,Very Good,G,VVS1,Jan 5
Round,"$2,009",0.67,Very Good,J,VVS1,Jan 6
Round,"$2,013",0.71,Very Good,G,SI1,Jan 6
Round,"$2,017",0.57,Very Good,G,VS1,Jan 6
Round,"$2,018",0.62,Very Good,F,SI1,Jan 6
Round,"$2,020",0.61,Very Good,I,IF,Jan 6
Round,"$2,020",0.70,Very Good,G,SI1,Jan 6
Round,"$2,022",0.65,Very Good,G,SI1,Jan 5
Round,"$2,023",0.51,Very Good,E,VVS1,Jan 6
Round,"$2,025",0.70,Very Good,D,SI1,Jan 6
Round,"$2,030",0.50,Very Good,E,VS1,Jan 5
Round,"$2,034",0.58,Very Good,G,VVS2,Jan 6
Round,"$2,035",0.52,Very Good,E,VS1,Jan 5
Round,"$2,036",0.51,Very Good,E,SI1,Jan 6
Round,"$2,040",0.70,Very Good,H,SI1,Jan 6
Round,"$2,046",0.52,Very Good,D,VS2,Jan 5
Round,"$2,057",0.60,Very Good,D,SI1,Jan 6
Round,"$2,058",0.53,Very Good,G,SI1,Jan 6
Round,"$2,060",0.71,Very Good,F,SI1,Jan 6
Round,"$2,063",0.66,Very Good,I,VVS2,Jan 6
Round,"$2,063",0.71,Very Good,G,SI1,Jan 6
Round,"$2,070",0.70,Very Good,F,SI2,Jan 5
Round,"$2,073",0.51,Very Good,D,VVS2,Jan 4
Round,"$2,074",0.54,Very Good,F,VS1,Jan 5
Round,"$2,074",0.82,Very Good,I,SI2,Jan 5
Round,"$2,080",0.70,Very Good,G,SI2,Jan 6
Round,"$2,082",0.57,Very Good,G,VVS2,Jan 6
Round,"$2,086",0.50,Very Good,E,VVS1,Jan 5
Round,"$2,093",0.52,Very Good,E,VS1,Jan 5
Round,"$2,098",0.71,Very Good,J,VVS2,Jan 5
Round,"$2,100",0.70,Very Good,H,VS2,Jan 6
Round,"$2,100",0.71,Very Good,G,SI1,Jan 6
Round,"$2,110",0.70,Very Good,I,VS1,Jan 6
Round,"$2,118",0.64,Very Good,I,IF,Jan 6
Round,"$2,124",0.58,Very Good,G,VS1,Jan 6
Round,"$2,130",0.57,Very Good,F,VVS2,Jan 4
Round,"$2,130",0.70,Very Good,G,VS2,Jan 6
Round,"$2,130",0.70,Very Good,G,VS2,Jan 6
Round,"$2,130",0.72,Very Good,I,VS1,Jan 6
Round,"$2,131",0.90,Very Good,K,SI1,Jan 6
Round,"$2,132",0.70,Very Good,F,SI2,Jan 6
Round,"$2,133",0.70,Very Good,I,VVS1,Jan 5
Round,"$2,134",0.60,Very Good,H,VVS2,Jan 5
Round,"$2,135",0.60,Very Good,E,VS2,Jan 5
Round,"$2,136",0.50,Very Good,I,VVS2,Jan 6
Round,"$2,140",0.70,Very Good,I,VVS2,Jan 6
Round,"$2,140",0.70,Very Good,F,SI1,Jan 6
Round,"$2,144",0.50,Very Good,E,VVS2,Jan 6
Round,"$2,145",0.51,Very Good,D,VS1,Jan 5
Round,"$2,154",0.65,Very Good,H,VS2,Jan 5
Round,"$2,163",0.80,Very Good,I,SI2,Jan 6
Round,"$2,166",0.90,Very Good,J,SI2,Jan 6
Round,"$2,170",0.50,Very Good,E,VS1,Jan 6
Round,"$2,170",0.70,Very Good,H,VS2,Jan 5
Round,"$2,170",0.70,Very Good,H,VS2,Jan 5
Round,"$2,171",0.70,Very Good,D,SI1,Jan 6
Round,"$2,171",0.61,Very Good,F,VS1,Jan 5
Round,"$2,173",0.55,Very Good,F,VVS2,Jan 6
Round,"$2,176",0.54,Very Good,D,SI1,Jan 6
Round,"$2,179",0.50,Very Good,D,VS1,Jan 6
Round,"$2,184",0.80,Very Good,K,SI1,Jan 6
Round,"$2,185",0.60,Very Good,E,VS2,Jan 5
Round,"$2,185",0.50,Very Good,E,VS2,Jan 5
Round,"$2,187",0.50,Very Good,F,IF,Jan 6
Round,"$2,187",0.50,Very Good,F,IF,Jan 6
Round,"$2,187",0.54,Very Good,D,VS1,Jan 5
Round,"$2,187",0.70,Very Good,I,VS1,Jan 6
Round,"$2,188",0.56,Very Good,G,IF,Jan 6
Round,"$2,192",0.80,Very Good,D,SI2,Jan 6
Round,"$2,193",0.50,Very Good,D,VS1,Jan 5
Round,"$2,193",0.51,Very Good,D,VS1,Jan 6
Round,"$2,193",0.70,Very Good,D,SI1,Jan 6
Round,"$2,200",0.70,Very Good,E,SI1,Jan 6
Round,"$2,200",0.66,Very Good,F,SI1,Jan 6
Round,"$2,201",0.70,Very Good,E,SI2,Jan 5
Round,"$2,202",0.53,Very Good,F,VVS1,Jan 5
Round,"$2,205",0.58,Very Good,E,VS1,Jan 6
Round,"$2,210",0.71,Very Good,D,SI2,Jan 6
Round,"$2,213",0.56,Very Good,F,VS2,Jan 6
Round,"$2,220",0.54,Very Good,E,VVS2,Jan 5
Round,"$2,220",0.71,Very Good,E,VS2,Jan 6
Round,"$2,228",0.51,Very Good,F,IF,Jan 6
Round,"$2,230",0.90,Very Good,J,SI1,Jan 6
Round,"$2,230",0.92,Very Good,H,SI2,Jan 6
Round,"$2,231",0.55,Very Good,G,VS1,Jan 6
Round,"$2,233",0.71,Very Good,J,VVS1,Jan 6
Round,"$2,233",0.51,Very Good,D,VVS2,Jan 5
Round,"$2,236",0.70,Very Good,H,SI2,Jan 6
Round,"$2,236",0.70,Very Good,F,VS2,Jan 6
Round,"$2,237",0.60,Very Good,E,VS1,Jan 5
Round,"$2,238",0.81,Very Good,K,VS1,Jan 5
Round,"$2,238",0.51,Very Good,F,VVS1,Jan 5
Round,"$2,245",0.80,Very Good,I,SI2,Jan 6
Round,"$2,250",0.70,Very Good,H,VS1,Jan 6
Round,"$2,252",0.71,Very Good,I,VVS2,Jan 6
Round,"$2,255",0.70,Very Good,E,SI1,Jan 6
Round,"$2,256",0.64,Very Good,H,VVS2,Jan 6
Round,"$2,266",0.59,Very Good,G,VVS2,Jan 5
Round,"$2,266",0.54,Very Good,D,VS1,Jan 5
Round,"$2,268",0.70,Very Good,D,SI2,Jan 5
Round,"$2,277",0.57,Very Good,E,VVS2,Jan 6
Round,"$2,278",0.76,Very Good,J,VS2,Jan 5
Round,"$2,286",0.55,Very Good,G,VVS2,Jan 6
Round,"$2,286",0.55,Very Good,G,VVS2,Jan 6
Round,"$2,290",0.70,Very Good,H,VS1,Jan 6
Round,"$2,291",0.70,Very Good,E,SI1,Jan 6
Round,"$2,296",0.56,Very Good,F,VVS1,Jan 6
Round,"$2,299",0.70,Very Good,E,SI2,Jan 6
Round,"$2,302",0.80,Very Good,K,VVS1,Jan 6
